d_name,d_email,d_pass
Aamod Rao,aamod@gmail.com,Aamod
Sanjay Borude,sanjay@gmail.com,Sanjay
Ramneek Mahajan,ramneek@gmail.com,Ramneek
Ashim Desai,ashim@gmail.com,Ashim
Pranay R. Shah,pranay@gmail.com,Pranay
Lalit Panchal,lalit@gmail.com,Lalit
Prashant Gedam,prashant@gmail.com,Prashant
Hitesh Kubadia,hitesh@gmail.com,Hitesh
Parvez Sheikh,parvez@gmail.com,Parvez
Kumaraswami R Dussa,kumaraswami@gmail.com,Kumaraswami
Ajay Rathod,ajay@gmail.com,Ajay
Viraj Suresh Tambwekar,viraj@gmail.com,Viraj
Rajesh D,rajesh@gmail.com,Rajesh
Atul Bhaskar,atul@gmail.com,Atul
